{"cameraMode":{"drawMode":0,"name":"Shaded","section":"Shading Mode"},"sceneLighting":true,"audioPlay":false,"sceneViewState":{"m_AlwaysRefresh":false,"showFog":true,"showSkybox":true,"showFlares":true,"showImageEffects":true,"showParticleSystems":true,"showVisualEffectGraphs":true,"m_FxEnabled":true},"in2DMode":false,"pivot":{"x":0.4433530867099762,"y":0.9714474678039551,"z":1.9500802755355836},"rotation":{"x":0.01143308449536562,"y":-0.8822509050369263,"z":0.021449776366353036,"w":0.47013604640960696},"size":3.0802271366119386,"orthographic":true}